company_name,category,website,career_page,career_page_status,career_page_source,skip,skip_reason,company_stage,industry,placement_count
8x8,Top Targets,https://www.8x8.com,,,,false,,Public,Telecom,4
A Place for Mom,Top Targets,http://www.aplaceformom.com,,,,false,,Private (PE-backed),Health Tech,3
ABOUT YOU,Top Targets,https://aboutyou.com,,,,false,,Private (Acquired),eCommerce & Marketplace,3
Achieve,Top Targets,https://www.achieve.com/,,,,false,,Private (PE-backed),FinTech,7
Affirm,Top Targets,https://www.affirm.com,,,,false,,Public,FinTech,17
Airbnb,Top Targets,https://www.airbnb.com,,,,false,,Public,eCommerce & Marketplace,14
Altvia,Top Targets,https://altvia.com,,,,false,,Private (PE-backed),Customer Relationship Management,3
Amobee,Top Targets,http://www.amobee.com,,,,false,,Private,AdTech,3
Ancestry,Top Targets,http://ancestry.com,,,,false,,Private (PE-backed),Search,4
ASOS,Top Targets,http://www.asos.com,,,,false,,Public,eCommerce & Marketplace,3
Asurion,Top Targets,http://www.asurion.com,,,,false,,Private,FinTech,4
Atlassian,Top Targets,https://www.atlassian.com,,,,false,,Public,Social,7
AutoScout24,Top Targets,http://www.autoscout24.de,,,,false,,Private (PE-backed),eCommerce & Marketplace,7
Avalara,Top Targets,http://www.avalara.com,,,,false,,Private (PE-backed),FinTech,18
AVIV Group,Top Targets,https://www.aviv-group.com/,,,,false,,Private (Subsidiary),Online Media,4
Banyan Software,Top Targets,https://banyansoftware.com/,,,,false,,Private (Acquisition holding company),Computer Software,3
BILL,Top Targets,http://www.bill.com,,,,false,,Public,FinTech,10
Bond (fractional aviation solution),Top Targets,https://bond.co,,,,false,,Private (PE-backed),Aerospace,3
BrightDrop,Top Targets,https://www.gobrightdrop.com/,,,,false,,Private (GM subsidiary),Logistics,4
Bumble,Top Targets,http://bumble.com,,,,false,,Public,Social,4
Capital One,Top Targets,http://www.capitalone.com,,,,false,,Public,Venture Capital,4
Cast & Crew Entertainment Services,Top Targets,http://www.castandcrew.com,,,,false,,Private (PE-backed),HR & Workforce Management,5
CCC Information Services,Top Targets,http://www.cccis.com,,,,false,,Private (PE-backed),Other,3
Credit Acceptance,Top Targets,http://www.creditacceptance.com/,,,,false,,Public,FinTech,7
Cruise,Top Targets,http://www.getcruise.com,,,,false,,Private (GM subsidiary),Internet of Things & Robotics,6
Datadog,Top Targets,https://www.datadoghq.com,,,,false,,Public,Analytics/Data,8
Datto,Top Targets,http://datto.com/,,,,false,,Private (PE-backed),Security,4
"Diligent (Software Development, IP Portco)",Top Targets,http://diligent.com,,,,false,,Private (PE-backed),Internet Software & Services,3
DoorDash,Top Targets,http://www.doordash.com,,,,false,,Public,On-Demand Services,12
Dropbox,Top Targets,https://www.dropbox.com,,,,false,,Public,Content & Data Management,6
eBay,Top Targets,https://www.ebay.com/,,,,false,,Public,eCommerce & Marketplace,4
Elastic,Top Targets,https://www.elastic.co,,,,false,,Public,Internet,5
Ellucian,Top Targets,http://www.ellucian.com,,,,false,,Private (PE-backed),Internet,4
Eurowag,Top Targets,http://www.eurowag.com/,,,,false,,Public,Financial Services,5
Fastly,Top Targets,http://www.fastly.com,,,,false,,Public,Content & Data Management,4
Five Below,Top Targets,http://www.fivebelow.com,,,,false,,Public,Consumer Goods,3
Five9,Top Targets,http://www.five9.com,,,,false,,Public,Customer Relationship Management,3
Flexera,Top Targets,https://www.flexera.com,,,,false,,Private (PE-backed),Computer Software,3
GitHub,Top Targets,https://github.com,,,,false,,Private (Microsoft subsidiary),Social,8
Google,Top Targets,https://www.google.com,,,,false,,Public (Alphabet),Search,5
GoPro,Top Targets,https://gopro.com/,,,,false,,Public,Hardware & Electronics,5
Grammarly,Top Targets,https://superhuman.com,,,,false,,Private (VC-backed),Consumer Web,6
Groupon,Top Targets,http://www.groupon.com,,,,false,,Public,eCommerce & Marketplace,10
Grubhub,Top Targets,http://www.grubhub.com,,,,false,,Private (PE-backed),On-Demand Services,12
HoodCPA's,Top Targets,https://hoodcpas.com/,,,,false,,Private,Accounting,3
HubSpot,Top Targets,http://www.hubspot.com,,,,false,,Public,AdTech,3
Hulu,Top Targets,https://www.hulu.com,,,,false,,Private (Disney/Comcast-owned),Media & Entertainment,13
Hyland,Top Targets,http://www.hyland.com,,,,false,,Private (PE-backed),Computer Software,3
Independence Pet Holdings,Top Targets,https://www.independencepetgroup.com,,,,false,,Private (PE-backed),Insurance,3
Infoblox,Top Targets,http://www.infoblox.com,,,,false,,Private (PE-backed),Security,5
InformData,Top Targets,https://www.informdata.com/,,,,false,,Private (PE-backed),Analytics/Data,3
InMarket,Top Targets,http://www.inmarket.com,,,,false,,Private,Advertising,4
Inseego,Top Targets,http://www.inseego.com,,,,false,,Public,Information Technology and Services,3
Insightsoftware,Top Targets,https://www.insightsoftware.com,,,,false,,Private (PE-backed),Computer Software,4
Lantern,Top Targets,https://lanterncare.com,,,,false,,Private,Health Tech,3
Life360,Top Targets,http://www.life360.com,,,,false,,Public,Social,14
LinkedIn,Top Targets,https://www.linkedin.com,,,,false,,Private (Microsoft subsidiary),Other,4
LogicMonitor,Top Targets,http://www.logicmonitor.com,,,,false,,Private (PE-backed),Analytics/Data,4
Lytx,Top Targets,http://www.lytx.com,,,,false,,Private (PE-backed),Logistics,4
McAfee,Top Targets,http://www.mcafee.com,,,,false,,Private (PE-backed),Security,10
Merative,Top Targets,https://www.merative.com,,,,false,,Private (PE-backed),Hospital & Health Care,3
Model N,Top Targets,http://www.modeln.com,,,,false,,Private (PE-backed),Analytics/Data,6
Move,Top Targets,http://www.move.com,,,,false,,Private (News Corp subsidiary),Real Estate,4
NetDocuments,Top Targets,http://netdocuments.com,,,,false,,Private (PE-backed),Content & Data Management,4
Nielsen,Top Targets,https://www.nielsen.com,,,,false,,Private (PE-backed),Media Production,3
Octus (fka Reorg),Top Targets,https://octus.com,,,,false,,Private (PE-backed),Analytics/Data,3
Okta,Top Targets,http://www.okta.com,,,,false,,Public,Security,16
Oracle,Top Targets,https://www.oracle.com/,,,,false,,Public,Computer Software,6
PagerDuty,Top Targets,http://www.pagerduty.com,,,,false,,Public,DevOps & Infrastructure,5
Palo Alto Networks,Top Targets,http://www.paloaltonetworks.com,,,,false,,Public,Other,3
Panasonic Avionics,Top Targets,http://www.panasonic.aero,,,,false,,Private (Subsidiary),Aerospace,11
PayPal,Top Targets,https://www.paypal.com/home,,,,false,,Public,FinTech,12
PDI Technologies,Top Targets,https://pditechnologies.com,,,,false,,Private (PE-backed),Computer Software,3
PracticeTek,Top Targets,https://practicetek.com,,,,false,,Private (PE-backed),"Health, Wellness and Fitness",3
Real Chemistry,Top Targets,https://www.realchemistry.com,,,,false,,Private (PE-backed),Health Tech,4
Redfin,Top Targets,https://www.redfin.com/,,,,false,,Private (Subsidiary),Consumer App,5
Redpin (fka Currencies Direct),Top Targets,https://www.redpincompany.com,,,,false,,Private (PE-backed),FinTech,7
ResMed,Top Targets,http://www.resmed.com,,,,false,,Public,Health Tech,3
Revolution Medicines,Top Targets,https://www.revmed.com,,,,false,,Public,Biotechnology,3
Sonos  DO NOT REPRESENT,Top Targets,http://www.sonos.com,,,,false,,#N/A,Consumer Goods,3
Standard Industries,Top Targets,https://www.standardindustries.com,,,,false,,Private,Energy,10
Storable,Top Targets,https://www.storable.com/,,,,false,,Private (PE-backed),Other,5
Superbet Group,Top Targets,https://superbetgroup.com,,,,false,,Private (PE-backed),Gaming,8
Tempo,Top Targets,https://www.tempo.io,,,,false,,Private (PE-backed),Content & Data Management,3
Ten-X (fka Auction.com),Top Targets,http://ten-x.com/,,,,false,,Private (Subsidiary),eCommerce & Marketplace,6
The Aspen Group,Top Targets,https://www.teamtag.com,,,,false,,Private (PE-backed),Health Tech,6
The New York Times,Top Targets,https://www.nytimes.com,,,,false,,Public,Media & Entertainment,7
Trellix,Top Targets,http://www.trellix.com,,,,false,,Private (PE-backed),Security,10
Tricentis,Top Targets,https://tricentis.com,,,,false,,Private (PE-backed),Other,4
TrueCommerce,Top Targets,http://www.truecommerce.com,,,,false,,Private (PE-backed),Logistics,4
TubeMogul,Top Targets,https://advertising.adobe.com,,,,false,,Private (Acquired),Advertising,10
Twilio,Top Targets,https://www.twilio.com/,,,,false,,Public,Telecom,7
Uber,Top Targets,http://www.uber.com,,,,false,,Public,On-Demand Services,21
Upwork,Top Targets,https://www.upwork.com,,,,false,,Public,HR & Workforce Management,16
Vista Equity Partners,Top Targets,https://www.vistaequitypartners.com,,,,false,,Private (PE firm),Private Equity,4
Waymo,Top Targets,https://waymo.com,,,,false,,Private (Alphabet subsidiary),Internet of Things & Robotics,8
Weight Watchers,Top Targets,https://www.weightwatchers.com,,,,false,,Public,Health Tech,5
Wendy's,Top Targets,https://www.wendys.com,,,,false,,Public,On-Demand Services,4
Xero Inc,Top Targets,http://xero.com,,,,false,,Public,FinTech,9
Yahoo! Inc,Top Targets,http://www.yahoo.com,,,,false,,Private,Search,5
Zappos,Top Targets,http://www.zappos.com,,,,false,,Private (Amazon subsidiary),eCommerce & Marketplace,4
Zendesk,Top Targets,https://www.zendesk.com/,,,,false,,Private (PE-backed),Customer Relationship Management,23
